{
  "cap_embedder.1.weight": 34.669925694731916,
  "context_refiner.0.attention.out.weight": 19.768203338597846,
  "context_refiner.0.attention.qkv.weight": 23.664090980300948,
  "context_refiner.0.feed_forward.w1.weight": 25.917128637186405,
  "context_refiner.0.feed_forward.w2.weight": 31.497417610089464,
  "context_refiner.0.feed_forward.w3.weight": 21.102027020139673,
  "context_refiner.1.attention.out.weight": 18.82481739795998,
  "context_refiner.1.attention.qkv.weight": 27.043764937142807,
  "context_refiner.1.feed_forward.w1.weight": 22.137071158621275,
  "context_refiner.1.feed_forward.w2.weight": 30.5163548085917,
  "context_refiner.1.feed_forward.w3.weight": 18.54043707997684,
  "final_layer.adaLN_modulation.1.weight": 10.67509164457955,
  "final_layer.linear.weight": 14.303171648907403,
  "layers.0.adaLN_modulation.0.bias": 10.747921280236739,
  "layers.0.adaLN_modulation.0.weight": 24.378345783325432,
  "layers.0.attention.out.weight": 2.182418050600579,
  "layers.0.attention.qkv.weight": 4.381491439781842,
  "layers.0.feed_forward.w1.weight": 13.743601109205612,
  "layers.0.feed_forward.w2.weight": 42.82112766118592,
  "layers.0.feed_forward.w3.weight": 12.352433053401521,
  "layers.1.adaLN_modulation.0.bias": 18.15558976793324,
  "layers.1.adaLN_modulation.0.weight": 19.389168800148664,
  "layers.1.attention.out.weight": 2.3077610708932426,
  "layers.1.attention.qkv.weight": 5.449108327254967,
  "layers.1.feed_forward.w1.weight": 18.77776381490278,
  "layers.1.feed_forward.w2.weight": 21.037481790850496,
  "layers.1.feed_forward.w3.weight": 15.026982567234862,
  "layers.10.adaLN_modulation.0.bias": 16.26726483268695,
  "layers.10.adaLN_modulation.0.weight": 14.11434839307781,
  "layers.10.attention.out.weight": 15.170255313466797,
  "layers.10.attention.qkv.weight": 21.5140975537828,
  "layers.10.feed_forward.w1.weight": 17.730221808697816,
  "layers.10.feed_forward.w2.weight": 17.19739317831056,
  "layers.10.feed_forward.w3.weight": 15.171042054407307,
  "layers.11.adaLN_modulation.0.bias": 24.62106016539499,
  "layers.11.adaLN_modulation.0.weight": 17.846996819161287,
  "layers.11.attention.out.weight": 16.679653884412556,
  "layers.11.attention.qkv.weight": 27.6766707329804,
  "layers.11.feed_forward.w1.weight": 19.775599693971095,
  "layers.11.feed_forward.w2.weight": 19.956647254377042,
  "layers.11.feed_forward.w3.weight": 17.001210771983104,
  "layers.12.adaLN_modulation.0.bias": 25.20083658885789,
  "layers.12.adaLN_modulation.0.weight": 18.019434515010573,
  "layers.12.attention.out.weight": 20.23418097843489,
  "layers.12.attention.qkv.weight": 25.83045949858942,
  "layers.12.feed_forward.w1.weight": 20.33723016959875,
  "layers.12.feed_forward.w2.weight": 17.859335186888213,
  "layers.12.feed_forward.w3.weight": 17.52617454579234,
  "layers.13.adaLN_modulation.0.bias": 27.261119732062266,
  "layers.13.adaLN_modulation.0.weight": 18.218888939925744,
  "layers.13.attention.out.weight": 21.134411701666444,
  "layers.13.attention.qkv.weight": 32.28778594058576,
  "layers.13.feed_forward.w1.weight": 19.080797395515244,
  "layers.13.feed_forward.w2.weight": 22.554435979969924,
  "layers.13.feed_forward.w3.weight": 20.51596799367668,
  "layers.14.adaLN_modulation.0.bias": 20.225567895243202,
  "layers.14.adaLN_modulation.0.weight": 17.31096453593717,
  "layers.14.attention.out.weight": 19.575837307597535,
  "layers.14.attention.qkv.weight": 35.33294323343097,
  "layers.14.feed_forward.w1.weight": 20.838925220165322,
  "layers.14.feed_forward.w2.weight": 23.368271771348507,
  "layers.14.feed_forward.w3.weight": 21.106845190259556,
  "layers.15.adaLN_modulation.0.bias": 24.979588981802824,
  "layers.15.adaLN_modulation.0.weight": 16.583439742993253,
  "layers.15.attention.out.weight": 25.608416278523865,
  "layers.15.attention.qkv.weight": 33.67606728255885,
  "layers.15.feed_forward.w1.weight": 23.37965522975598,
  "layers.15.feed_forward.w2.weight": 25.32071879430543,
  "layers.15.feed_forward.w3.weight": 29.65429531228338,
  "layers.16.adaLN_modulation.0.bias": 29.124796891486394,
  "layers.16.adaLN_modulation.0.weight": 19.765215136182473,
  "layers.16.attention.out.weight": 27.14923579597904,
  "layers.16.attention.qkv.weight": 43.87665283339267,
  "layers.16.feed_forward.w1.weight": 22.903781265701976,
  "layers.16.feed_forward.w2.weight": 32.144427133712114,
  "layers.16.feed_forward.w3.weight": 23.816972791501012,
  "layers.17.adaLN_modulation.0.bias": 30.333304499249834,
  "layers.17.adaLN_modulation.0.weight": 15.642759376855256,
  "layers.17.attention.out.weight": 31.064049693376617,
  "layers.17.attention.qkv.weight": 41.046776217882055,
  "layers.17.feed_forward.w1.weight": 26.10131022377642,
  "layers.17.feed_forward.w2.weight": 28.396083740408983,
  "layers.17.feed_forward.w3.weight": 27.70320947337569,
  "layers.18.adaLN_modulation.0.bias": 31.09844459667196,
  "layers.18.adaLN_modulation.0.weight": 15.968815397096483,
  "layers.18.attention.out.weight": 34.0652688801111,
  "layers.18.attention.qkv.weight": 43.14277573594201,
  "layers.18.feed_forward.w1.weight": 25.195417028037742,
  "layers.18.feed_forward.w2.weight": 30.544634021861803,
  "layers.18.feed_forward.w3.weight": 32.97775955702044,
  "layers.19.adaLN_modulation.0.bias": 47.22554192152777,
  "layers.19.adaLN_modulation.0.weight": 12.507957814311629,
  "layers.19.attention.out.weight": 29.469446180249335,
  "layers.19.attention.qkv.weight": 49.184528227891064,
  "layers.19.feed_forward.w1.weight": 27.88304112175809,
  "layers.19.feed_forward.w2.weight": 30.448712290717793,
  "layers.19.feed_forward.w3.weight": 28.556017973460403,
  "layers.2.adaLN_modulation.0.bias": 23.629091722563587,
  "layers.2.adaLN_modulation.0.weight": 19.00400710524333,
  "layers.2.attention.out.weight": 10.484564313306715,
  "layers.2.attention.qkv.weight": 12.0725732257161,
  "layers.2.feed_forward.w1.weight": 19.898446600470038,
  "layers.2.feed_forward.w2.weight": 20.98057042384614,
  "layers.2.feed_forward.w3.weight": 14.365260132359946,
  "layers.20.adaLN_modulation.0.bias": 26.478249272824073,
  "layers.20.adaLN_modulation.0.weight": 12.058645374682635,
  "layers.20.attention.out.weight": 32.089155523478105,
  "layers.20.attention.qkv.weight": 45.24476727399473,
  "layers.20.feed_forward.w1.weight": 26.48678708731217,
  "layers.20.feed_forward.w2.weight": 34.009801881863815,
  "layers.20.feed_forward.w3.weight": 34.548442101109394,
  "layers.21.adaLN_modulation.0.bias": 25.899766249154332,
  "layers.21.adaLN_modulation.0.weight": 9.856101865696814,
  "layers.21.attention.out.weight": 29.432845746499268,
  "layers.21.attention.qkv.weight": 44.753220903451364,
  "layers.21.feed_forward.w1.weight": 24.054070418303592,
  "layers.21.feed_forward.w2.weight": 29.80307428521941,
  "layers.21.feed_forward.w3.weight": 27.413288736875103,
  "layers.22.adaLN_modulation.0.bias": 23.625001665637477,
  "layers.22.adaLN_modulation.0.weight": 9.794744824957947,
  "layers.22.attention.out.weight": 26.537207334703755,
  "layers.22.attention.qkv.weight": 41.29316364774731,
  "layers.22.feed_forward.w1.weight": 24.397451638315363,
  "layers.22.feed_forward.w2.weight": 24.095243013685394,
  "layers.22.feed_forward.w3.weight": 24.615575033397207,
  "layers.23.adaLN_modulation.0.bias": 21.455199989280747,
  "layers.23.adaLN_modulation.0.weight": 9.006010547585504,
  "layers.23.attention.out.weight": 20.25026025157449,
  "layers.23.attention.qkv.weight": 42.36333215041134,
  "layers.23.feed_forward.w1.weight": 17.831500062040984,
  "layers.23.feed_forward.w2.weight": 20.2643677775324,
  "layers.23.feed_forward.w3.weight": 23.75424928627797,
  "layers.24.adaLN_modulation.0.bias": 20.775351053621453,
  "layers.24.adaLN_modulation.0.weight": 7.520918209837572,
  "layers.24.attention.out.weight": 17.45294638165832,
  "layers.24.attention.qkv.weight": 32.02236425078955,
  "layers.24.feed_forward.w1.weight": 14.41394840172352,
  "layers.24.feed_forward.w2.weight": 14.252994454523488,