{
  "cap_embedder.1.weight": 4.515184084925669,
  "context_refiner.0.attention.out.weight": 41.95075349347593,
  "context_refiner.0.attention.qkv.weight": 99.99999999999999,
  "context_refiner.0.feed_forward.w1.weight": 48.17677670266568,
  "context_refiner.0.feed_forward.w2.weight": 60.55329592491512,
  "context_refiner.0.feed_forward.w3.weight": 61.94607538847533,
  "context_refiner.1.attention.out.weight": 45.34057773396912,
  "context_refiner.1.attention.qkv.weight": 52.059162734356924,
  "context_refiner.1.feed_forward.w1.weight": 17.660647326168718,
  "context_refiner.1.feed_forward.w2.weight": 17.839661347908457,
  "context_refiner.1.feed_forward.w3.weight": 50.57921339336276,
  "final_layer.adaLN_modulation.1.weight": 75.00672263883085,
  "final_layer.linear.weight": 26.09836891559577,
  "layers.0.adaLN_modulation.0.bias": 52.89667259269295,
  "layers.0.adaLN_modulation.0.weight": 16.897658963895402,
  "layers.0.attention.out.weight": 45.44315300871722,
  "layers.0.attention.qkv.weight": 42.15976243441038,
  "layers.0.feed_forward.w1.weight": 43.66110246708922,
  "layers.0.feed_forward.w2.weight": 4.5989868104303895,
  "layers.0.feed_forward.w3.weight": 52.31927486646985,
  "layers.1.adaLN_modulation.0.bias": 43.0061235048793,
  "layers.1.adaLN_modulation.0.weight": 20.0891982917841,
  "layers.1.attention.out.weight": 45.56524580969178,
  "layers.1.attention.qkv.weight": 44.06116884724468,
  "layers.1.feed_forward.w1.weight": 32.79158371119766,
  "layers.1.feed_forward.w2.weight": 37.483688828058035,
  "layers.1.feed_forward.w3.weight": 33.6024786742179,
  "layers.10.adaLN_modulation.0.bias": 50.98329723196715,
  "layers.10.adaLN_modulation.0.weight": 50.92879606788472,
  "layers.10.attention.out.weight": 46.528751761994144,
  "layers.10.attention.qkv.weight": 59.30331410667219,
  "layers.10.feed_forward.w1.weight": 39.16906615116513,
  "layers.10.feed_forward.w2.weight": 40.7611508176293,
  "layers.10.feed_forward.w3.weight": 43.08086245644919,
  "layers.11.adaLN_modulation.0.bias": 54.449424194542296,
  "layers.11.adaLN_modulation.0.weight": 19.98677714849216,
  "layers.11.attention.out.weight": 45.104219157374814,
  "layers.11.attention.qkv.weight": 0.4129676941128111,
  "layers.11.feed_forward.w1.weight": 64.13446563097612,
  "layers.11.feed_forward.w2.weight": 48.87777180662557,
  "layers.11.feed_forward.w3.weight": 63.42223606436318,
  "layers.12.adaLN_modulation.0.bias": 46.47205694860178,
  "layers.12.adaLN_modulation.0.weight": 42.841894526015714,
  "layers.12.attention.out.weight": 34.68020673414094,
  "layers.12.attention.qkv.weight": 25.963034940710276,
  "layers.12.feed_forward.w1.weight": 49.15529415661387,
  "layers.12.feed_forward.w2.weight": 72.73541742677982,
  "layers.12.feed_forward.w3.weight": 26.196592425154552,
  "layers.13.adaLN_modulation.0.bias": 66.50884718450723,
  "layers.13.adaLN_modulation.0.weight": 77.88944275559354,
  "layers.13.attention.out.weight": 78.65877406431837,
  "layers.13.attention.qkv.weight": 73.13283489294763,
  "layers.13.feed_forward.w1.weight": 62.41514054672634,
  "layers.13.feed_forward.w2.weight": 86.47193363509233,
  "layers.13.feed_forward.w3.weight": 36.825389482442006,
  "layers.14.adaLN_modulation.0.bias": 52.89931997678343,
  "layers.14.adaLN_modulation.0.weight": 19.668008542978157,
  "layers.14.attention.out.weight": 68.79001487639214,
  "layers.14.attention.qkv.weight": 68.046696357866,
  "layers.14.feed_forward.w1.weight": 47.90158526388911,
  "layers.14.feed_forward.w2.weight": 33.77491548056519,
  "layers.14.feed_forward.w3.weight": 57.05412570638252,
  "layers.15.adaLN_modulation.0.bias": 59.687249514552775,
  "layers.15.adaLN_modulation.0.weight": 31.66861339295433,
  "layers.15.attention.out.weight": 69.44164794517359,
  "layers.15.attention.qkv.weight": 78.01509616251045,
  "layers.15.feed_forward.w1.weight": 62.39849788312688,
  "layers.15.feed_forward.w2.weight": 23.841757434108274,
  "layers.15.feed_forward.w3.weight": 31.111621299325265,
  "layers.16.adaLN_modulation.0.bias": 32.29483716464507,
  "layers.16.adaLN_modulation.0.weight": 45.560167332967175,
  "layers.16.attention.out.weight": 31.107233359246656,
  "layers.16.attention.qkv.weight": 60.04424259471441,
  "layers.16.feed_forward.w1.weight": 42.56662214968208,
  "layers.16.feed_forward.w2.weight": 46.389920875694,
  "layers.16.feed_forward.w3.weight": 99.91950690060348,
  "layers.17.adaLN_modulation.0.bias": 82.89079793661487,
  "layers.17.adaLN_modulation.0.weight": 40.533736560985936,
  "layers.17.attention.out.weight": 25.34577430377562,
  "layers.17.attention.qkv.weight": 70.91727183929135,
  "layers.17.feed_forward.w1.weight": 43.618676720907686,
  "layers.17.feed_forward.w2.weight": 24.744558770905034,
  "layers.17.feed_forward.w3.weight": 49.87661237993387,
  "layers.18.adaLN_modulation.0.bias": 85.03616625755856,
  "layers.18.adaLN_modulation.0.weight": 31.528769625476954,
  "layers.18.attention.out.weight": 55.06692441595267,
  "layers.18.attention.qkv.weight": 45.29051681683017,
  "layers.18.feed_forward.w1.weight": 25.69535428395579,
  "layers.18.feed_forward.w2.weight": 99.35690330042006,
  "layers.18.feed_forward.w3.weight": 91.39791930335427,
  "layers.19.adaLN_modulation.0.bias": 76.36574477694735,
  "layers.19.adaLN_modulation.0.weight": 43.72221843096687,
  "layers.19.attention.out.weight": 90.44802269908413,
  "layers.19.attention.qkv.weight": 96.45396073186164,
  "layers.19.feed_forward.w1.weight": 39.43012741728746,
  "layers.19.feed_forward.w2.weight": 76.33971978709071,
  "layers.19.feed_forward.w3.weight": 77.4059314463934,
  "layers.2.adaLN_modulation.0.bias": 0.0,
  "layers.2.adaLN_modulation.0.weight": 29.661264831015803,
  "layers.2.attention.out.weight": 41.88252501070886,
  "layers.2.attention.qkv.weight": 25.156448502960604,
  "layers.2.feed_forward.w1.weight": 40.66673228408541,
  "layers.2.feed_forward.w2.weight": 29.900019318267702,
  "layers.2.feed_forward.w3.weight": 70.9883007216573,
  "layers.20.adaLN_modulation.0.bias": 58.577747806796765,
  "layers.20.adaLN_modulation.0.weight": 46.12948048002222,
  "layers.20.attention.out.weight": 76.28532654299012,
  "layers.20.attention.qkv.weight": 51.4517233862111,
  "layers.20.feed_forward.w1.weight": 94.17385130478354,
  "layers.20.feed_forward.w2.weight": 96.69982657427761,
  "layers.20.feed_forward.w3.weight": 51.822241254800694,
  "layers.21.adaLN_modulation.0.bias": 78.51580038425966,
  "layers.21.adaLN_modulation.0.weight": 44.25830012950679,
  "layers.21.attention.out.weight": 99.99999999999999,
  "layers.21.attention.qkv.weight": 84.45382889921055,
  "layers.21.feed_forward.w1.weight": 50.37512990666375,
  "layers.21.feed_forward.w2.weight": 84.29116492328255,
  "layers.21.feed_forward.w3.weight": 58.74707163255959,
  "layers.22.adaLN_modulation.0.bias": 50.86767776576057,
  "layers.22.adaLN_modulation.0.weight": 52.76909825864416,
  "layers.22.attention.out.weight": 77.974927853963,
  "layers.22.attention.qkv.weight": 36.92742033722062,
  "layers.22.feed_forward.w1.weight": 42.43743011184099,
  "layers.22.feed_forward.w2.weight": 56.91593730513779,
  "layers.22.feed_forward.w3.weight": 63.563758627831426,
  "layers.23.adaLN_modulation.0.bias": 57.02053872298617,
  "layers.23.adaLN_modulation.0.weight": 48.26003385784721,
  "layers.23.attention.out.weight": 43.776090797730824,
  "layers.23.attention.qkv.weight": 27.38361969195863,
  "layers.23.feed_forward.w1.weight": 50.98403291888635,
  "layers.23.feed_forward.w2.weight": 69.03451278484344,
  "layers.23.feed_forward.w3.weight": 92.89306328302925,
  "layers.24.adaLN_modulation.0.bias": 3.3708532320365228,
  "layers.24.adaLN_modulation.0.weight": 54.564183299515065,
  "layers.24.attention.out.weight": 36.296063779243205,
  "layers.24.attention.qkv.weight": 47.493452584738016,
  "layers.24.feed_forward.w1.weight": 35.81188837257756,
  "layers.24.feed_forward.w2.weight": 41.59695679217417,
  "layers.24.feed_forward.w3.weight": 31.326764249021387,